{"frames": [

{
	"filename": "laser-1.png (2).png",
	"frame": {"x":0,"y":0,"w":300,"h":300},
	"rotated": false,
	"trimmed": false,
	"spriteSourceSize": {"x":0,"y":0,"w":300,"h":300},
	"sourceSize": {"w":300,"h":300}
}],
"meta": {
	"app": "https://www.codeandweb.com/texturepacker",
	"version": "1.0",
	"image": "laser.png",
	"format": "RGBA8888",
	"size": {"w":300,"h":300},
	"scale": "1",
	"smartupdate": "$TexturePacker:SmartUpdate:5882cc38ae8c2b459eec71ab941ccd55:8fc71f47f4c27620408e746018aaa1b3:7174e89d1b4d5b4946134c60b542fafa$"
}
}
