{"frames": [

{
	"filename": "lives_0.png",
	"frame": {"x":0,"y":0,"w":100,"h":33},
	"rotated": false,
	"trimmed": false,
	"spriteSourceSize": {"x":0,"y":0,"w":100,"h":33},
	"sourceSize": {"w":100,"h":33}
},
{
	"filename": "lives_1.png",
	"frame": {"x":0,"y":33,"w":100,"h":33},
	"rotated": false,
	"trimmed": false,
	"spriteSourceSize": {"x":0,"y":0,"w":100,"h":33},
	"sourceSize": {"w":100,"h":33}
},
{
	"filename": "lives_2.png",
	"frame": {"x":0,"y":66,"w":100,"h":33},
	"rotated": false,
	"trimmed": false,
	"spriteSourceSize": {"x":0,"y":0,"w":100,"h":33},
	"sourceSize": {"w":100,"h":33}
},
{
	"filename": "lives_3.png",
	"frame": {"x":0,"y":99,"w":100,"h":33},
	"rotated": false,
	"trimmed": false,
	"spriteSourceSize": {"x":0,"y":0,"w":100,"h":33},
	"sourceSize": {"w":100,"h":33}
},
{
	"filename": "lives_4.png",
	"frame": {"x":0,"y":132,"w":100,"h":33},
	"rotated": false,
	"trimmed": false,
	"spriteSourceSize": {"x":0,"y":0,"w":100,"h":33},
	"sourceSize": {"w":100,"h":33}
},
{
	"filename": "lives_5.png",
	"frame": {"x":0,"y":165,"w":100,"h":33},
	"rotated": false,
	"trimmed": false,
	"spriteSourceSize": {"x":0,"y":0,"w":100,"h":33},
	"sourceSize": {"w":100,"h":33}
},
{
	"filename": "lives_6.png",
	"frame": {"x":0,"y":198,"w":100,"h":33},
	"rotated": false,
	"trimmed": false,
	"spriteSourceSize": {"x":0,"y":0,"w":100,"h":33},
	"sourceSize": {"w":100,"h":33}
}],
"meta": {
	"app": "https://www.codeandweb.com/texturepacker",
	"version": "1.0",
	"image": "lives.png",
	"format": "RGBA8888",
	"size": {"w":100,"h":231},
	"scale": "1",
	"smartupdate": "$TexturePacker:SmartUpdate:5c73ac619f439136f15ea29e11599acb:34588be6d0f89fd695af147bcb8d1cf8:c3a341440318089e417d8cbd4c38ef81$"
}
}
