{"frames": [

{
	"filename": "sprite_0.png",
	"frame": {"x":0,"y":0,"w":200,"h":200},
	"rotated": false,
	"trimmed": false,
	"spriteSourceSize": {"x":0,"y":0,"w":200,"h":200},
	"sourceSize": {"w":200,"h":200}
},
{
	"filename": "sprite_1.png",
	"frame": {"x":200,"y":0,"w":200,"h":200},
	"rotated": false,
	"trimmed": false,
	"spriteSourceSize": {"x":0,"y":0,"w":200,"h":200},
	"sourceSize": {"w":200,"h":200}
},
{
	"filename": "sprite_2.png",
	"frame": {"x":400,"y":0,"w":200,"h":200},
	"rotated": false,
	"trimmed": false,
	"spriteSourceSize": {"x":0,"y":0,"w":200,"h":200},
	"sourceSize": {"w":200,"h":200}
},
{
	"filename": "sprite_3.png",
	"frame": {"x":600,"y":0,"w":200,"h":200},
	"rotated": false,
	"trimmed": false,
	"spriteSourceSize": {"x":0,"y":0,"w":200,"h":200},
	"sourceSize": {"w":200,"h":200}
},
{
	"filename": "sprite_4.png",
	"frame": {"x":800,"y":0,"w":200,"h":200},
	"rotated": false,
	"trimmed": false,
	"spriteSourceSize": {"x":0,"y":0,"w":200,"h":200},
	"sourceSize": {"w":200,"h":200}
},
{
	"filename": "sprite_5.png",
	"frame": {"x":1000,"y":0,"w":200,"h":200},
	"rotated": false,
	"trimmed": false,
	"spriteSourceSize": {"x":0,"y":0,"w":200,"h":200},
	"sourceSize": {"w":200,"h":200}
},
{
	"filename": "sprite_6.png",
	"frame": {"x":1200,"y":0,"w":200,"h":200},
	"rotated": false,
	"trimmed": false,
	"spriteSourceSize": {"x":0,"y":0,"w":200,"h":200},
	"sourceSize": {"w":200,"h":200}
},
{
	"filename": "sprite_7.png",
	"frame": {"x":1400,"y":0,"w":200,"h":200},
	"rotated": false,
	"trimmed": false,
	"spriteSourceSize": {"x":0,"y":0,"w":200,"h":200},
	"sourceSize": {"w":200,"h":200}
}],
"meta": {
	"app": "https://www.codeandweb.com/texturepacker",
	"version": "1.0",
	"image": "bomb.png",
	"format": "RGBA8888",
	"size": {"w":1600,"h":200},
	"scale": "1",
	"smartupdate": "$TexturePacker:SmartUpdate:54aca733b60030e0934856004c9e175d:7cc627b7f700f30cdcffaba9e49a8648:f63ee348f1e457e41f792cb710b5b64f$"
}
}
